wallet,predicted_score,risk_category
User_1,20.0,High
User_2,20.0,High
User_3,40.07,High
User_4,203.35,High
User_5,999.31,Low
User_6,199.86,High
User_7,159.73,High
User_8,999.3,Low
User_9,20.0,High
User_10,20.0,High
User_11,531.12,Medium
User_12,434.9,Medium
User_13,999.76,Low
User_14,999.67,Low
User_15,257.76,High
User_16,20.0,High
User_17,47.61,High
User_18,985.51,Low
User_19,31.89,High
User_20,20.0,High
User_21,169.28,High
User_22,306.52,High
User_23,40.07,High
User_24,20.0,High
User_25,40.07,High
User_26,37.19,High
User_27,472.72,Medium
User_28,31.89,High
User_29,233.09,High
User_30,74.0,High
User_31,10.1,High
User_32,69.26,High
User_33,74.32,High
User_34,20.0,High
User_35,20.0,High
User_36,40.07,High
User_37,40.07,High
User_38,20.0,High
User_39,139.35,High
User_40,505.44,Medium
User_41,10.1,High
User_42,1000.0,Low
User_43,37.19,High
User_44,622.36,Medium
User_45,84.12,High
User_46,20.0,High
User_47,20.0,High
User_48,42.84,High
User_49,143.01,High
User_50,120.1,High
User_51,208.67,High
User_52,20.0,High
User_53,31.89,High
User_54,228.29,High
User_55,703.69,Low
User_56,799.66,Low
User_57,100.72,High
User_58,37.19,High
User_59,41.74,High
User_60,40.07,High
User_61,999.84,Low
User_62,12.07,High
User_63,20.0,High
User_64,40.07,High
User_65,407.33,Medium
User_66,470.93,Medium
User_67,156.41,High
User_68,31.89,High
User_69,10.1,High
User_70,20.0,High
User_71,488.71,Medium
User_72,37.19,High
User_73,999.96,Low
User_74,40.07,High
User_75,298.35,High
User_76,43.69,High
User_77,20.0,High
User_78,10.1,High
User_79,351.54,High
User_80,445.67,Medium
User_81,40.07,High
User_82,40.07,High
User_83,20.0,High
User_84,20.0,High
User_85,20.0,High
User_86,111.57,High
User_87,20.0,High
User_88,12.07,High
User_89,40.07,High
User_90,20.0,High
User_91,20.0,High
User_92,40.07,High
User_93,40.07,High
User_94,20.0,High
User_95,40.07,High
User_96,12.07,High
User_97,20.0,High
User_98,575.03,Medium
User_99,20.0,High
User_100,10.1,High
User_101,90.32,High
User_102,20.0,High
User_103,20.0,High
User_104,20.0,High
User_105,358.02,High
User_106,20.0,High
User_107,162.22,High
User_108,20.0,High
User_109,20.0,High
User_110,40.07,High
User_111,20.0,High
User_112,379.89,High
User_113,40.07,High
User_114,20.0,High
User_115,55.97,High
User_116,1000.0,Low
User_117,20.0,High
User_118,326.83,High
User_119,998.08,Low
User_120,37.19,High
User_121,79.59,High
User_122,20.0,High
User_123,999.72,Low
User_124,24.1,High
User_125,666.16,Medium
User_126,20.0,High
User_127,42.78,High
User_128,40.07,High
User_129,20.0,High
User_130,891.6,Low
User_131,20.0,High
User_132,40.07,High
User_133,106.74,High
User_134,20.0,High
User_135,40.07,High
User_136,1000.0,Low
User_137,60.34,High
User_138,1000.0,Low
User_139,20.0,High
User_140,60.34,High
User_141,248.31,High
User_142,20.0,High
User_143,224.49,High
User_144,184.34,High
User_145,20.0,High
User_146,321.37,High
User_147,139.35,High
User_148,20.0,High
User_149,135.4,High
User_150,79.55,High
User_151,20.0,High
User_152,999.96,Low
User_153,10.1,High
User_154,83.28,High
User_155,1000.0,Low
User_156,88.59,High
User_157,40.07,High
User_158,761.18,Low
User_159,64.48,High
User_160,0.0,High
User_161,20.0,High
User_162,20.0,High
User_163,57.8,High
User_164,248.9,High
User_165,40.07,High
User_166,1000.0,Low
User_167,20.0,High
User_168,564.91,Medium
User_169,1000.0,Low
User_170,31.89,High
User_171,120.7,High
User_172,20.0,High
User_173,1000.0,Low
User_174,31.89,High
User_175,20.0,High
User_176,20.0,High
User_177,51.16,High
User_178,598.59,Medium
User_179,156.95,High
User_180,75.37,High
User_181,31.89,High
User_182,793.75,Low
User_183,182.88,High
User_184,57.93,High
User_185,20.0,High
User_186,20.0,High
User_187,20.0,High
User_188,96.79,High
User_189,992.18,Low
User_190,70.71,High
User_191,463.63,Medium
User_192,40.07,High
User_193,929.56,Low
User_194,20.0,High
User_195,20.0,High
User_196,20.0,High
User_197,57.59,High
User_198,21.75,High
User_199,20.0,High
User_200,20.0,High
User_201,20.0,High
User_202,999.83,Low
User_203,999.95,Low
User_204,60.34,High
User_205,20.0,High
User_206,20.0,High
User_207,624.92,Medium
User_208,487.74,Medium
User_209,0.08,High
User_210,40.07,High
User_211,62.61,High
User_212,94.17,High
User_213,20.0,High
User_214,20.0,High
User_215,425.51,Medium
User_216,10.1,High
User_217,20.0,High
User_218,40.07,High
User_219,40.07,High
User_220,20.0,High
User_221,20.0,High
User_222,71.67,High
User_223,12.07,High
User_224,461.42,Medium
User_225,64.48,High
User_226,216.47,High
User_227,37.19,High
User_228,40.07,High
User_229,40.07,High
User_230,72.95,High
User_231,690.71,Medium
User_232,20.0,High
User_233,122.05,High
User_234,12.07,High
User_235,20.0,High
User_236,90.03,High
User_237,59.86,High
User_238,40.07,High
User_239,178.57,High
User_240,246.14,High
User_241,20.0,High
User_242,419.5,Medium
User_243,91.17,High
User_244,10.1,High
User_245,20.0,High
User_246,122.99,High
User_247,37.19,High
User_248,1000.0,Low
User_249,35.85,High
User_250,170.04,High
User_251,20.0,High
User_252,40.07,High
User_253,540.15,Medium
User_254,20.0,High
User_255,59.86,High
User_256,20.0,High
User_257,137.33,High
User_258,40.07,High
User_259,20.0,High
User_260,1000.0,Low
User_261,204.43,High
User_262,20.0,High
User_263,20.0,High
User_264,10.1,High
User_265,20.0,High
User_266,20.0,High
User_267,20.0,High
User_268,62.19,High
User_269,159.53,High
User_270,159.73,High
User_271,68.08,High
User_272,20.0,High
User_273,407.03,Medium
User_274,144.35,High
User_275,49.45,High
User_276,20.0,High
User_277,20.0,High
User_278,10.1,High
User_279,40.07,High
User_280,99.24,High
User_281,20.0,High
User_282,399.48,High
User_283,20.0,High
User_284,64.48,High
User_285,20.0,High
User_286,317.68,High
User_287,40.07,High
User_288,12.07,High
User_289,182.37,High
User_290,40.07,High
User_291,20.0,High
User_292,40.07,High
User_293,206.43,High
User_294,20.0,High
User_295,119.29,High
User_296,20.0,High
User_297,10.1,High
User_298,265.31,High
User_299,135.68,High
User_300,20.0,High
User_301,99.24,High
User_302,999.96,Low
User_303,49.95,High
User_304,941.79,Low
User_305,20.0,High
User_306,141.82,High
User_307,40.07,High
User_308,357.06,High
User_309,411.44,Medium
User_310,328.06,High
User_311,10.1,High
User_312,595.02,Medium
User_313,82.49,High
User_314,31.89,High
User_315,776.72,Low
User_316,20.0,High
User_317,40.07,High
User_318,10.1,High
User_319,40.07,High
User_320,132.63,High
User_321,476.06,Medium
User_322,20.0,High
User_323,11.15,High
User_324,105.49,High
User_325,115.2,High
User_326,40.07,High
User_327,82.71,High
User_328,20.0,High
User_329,10.1,High
User_330,367.47,High
User_331,31.89,High
User_332,20.0,High
User_333,1000.0,Low
User_334,59.86,High
User_335,20.0,High
User_336,95.17,High
User_337,999.62,Low
User_338,194.72,High
User_339,71.67,High
User_340,37.19,High
User_341,20.0,High
User_342,20.0,High
User_343,999.17,Low
User_344,47.55,High
User_345,693.05,Medium
User_346,20.0,High
User_347,590.84,Medium
User_348,155.52,High
User_349,31.89,High
User_350,12.07,High
User_351,756.88,Low
User_352,157.11,High
User_353,427.22,Medium
User_354,20.0,High
User_355,40.07,High
User_356,37.19,High
User_357,794.65,Low
User_358,999.96,Low
User_359,42.78,High
User_360,40.07,High
User_361,894.43,Low
User_362,47.61,High
User_363,225.91,High
User_364,20.0,High
User_365,105.17,High
User_366,10.1,High
User_367,20.0,High
User_368,20.0,High
User_369,20.0,High
User_370,631.82,Medium
User_371,20.0,High
User_372,20.0,High
User_373,120.21,High
User_374,562.04,Medium
User_375,365.05,High
User_376,20.0,High
User_377,10.1,High
User_378,258.97,High
User_379,20.0,High
User_380,20.0,High
User_381,24.1,High
User_382,20.0,High
User_383,40.07,High
User_384,98.83,High
User_385,31.89,High
User_386,20.0,High
User_387,561.21,Medium
User_388,1000.0,Low
User_389,20.0,High
User_390,40.07,High
User_391,41.27,High
User_392,20.0,High
User_393,20.0,High
User_394,38.23,High
User_395,10.1,High
User_396,12.07,High
User_397,0.0,High
User_398,312.94,High
User_399,40.28,High
User_400,1000.0,Low
User_401,64.48,High
User_402,999.67,Low
User_403,21.75,High
User_404,116.99,High
User_405,20.0,High
User_406,20.0,High
User_407,64.48,High
User_408,51.22,High
User_409,64.48,High
User_410,418.92,Medium
User_411,37.19,High
User_412,51.16,High
User_413,10.1,High
User_414,20.0,High
User_415,55.97,High
User_416,289.66,High
User_417,31.89,High
User_418,64.48,High
User_419,999.96,Low
User_420,0.0,High
User_421,159.73,High
User_422,35.85,High
User_423,37.19,High
User_424,263.26,High
User_425,12.07,High
User_426,37.19,High
User_427,20.0,High
User_428,998.85,Low
User_429,20.0,High
User_430,20.0,High
User_431,1000.0,Low
User_432,537.91,Medium
User_433,996.71,Low
User_434,40.07,High
User_435,20.0,High
User_436,29.6,High
User_437,250.85,High
User_438,20.0,High
User_439,40.07,High
User_440,230.46,High
User_441,175.1,High
User_442,21.75,High
User_443,1000.0,Low
User_444,20.0,High
User_445,37.19,High
User_446,20.0,High
User_447,10.1,High
User_448,1000.0,Low
User_449,1000.0,Low
User_450,12.07,High
User_451,888.65,Low
User_452,29.6,High
User_453,40.07,High
User_454,20.0,High
User_455,20.0,High
User_456,0.0,High
User_457,49.45,High
User_458,20.0,High
User_459,80.39,High
User_460,20.0,High
User_461,20.0,High
User_462,20.0,High
User_463,20.0,High
User_464,1000.0,Low
User_465,69.59,High
User_466,999.43,Low
User_467,20.0,High
User_468,95.17,High
User_469,970.3,Low
User_470,20.0,High
User_471,574.02,Medium
User_472,37.19,High
User_473,338.53,High
User_474,20.0,High
User_475,20.0,High
User_476,20.0,High
User_477,12.07,High
User_478,20.0,High
User_479,20.0,High
User_480,919.18,Low
User_481,583.65,Medium
User_482,40.07,High
User_483,158.36,High
User_484,40.07,High
User_485,59.86,High
User_486,20.0,High
User_487,20.0,High
User_488,90.32,High
User_489,133.77,High
User_490,1000.0,Low
User_491,20.0,High
User_492,29.6,High
User_493,1000.0,Low
User_494,47.61,High
User_495,1000.0,Low
User_496,210.98,High
User_497,20.0,High
User_498,408.82,Medium
User_499,59.86,High
User_500,1000.0,Low
User_501,20.0,High
User_502,73.48,High
User_503,37.19,High
User_504,1000.0,Low
User_505,20.0,High
User_506,40.07,High
User_507,324.27,High
User_508,20.0,High
User_509,20.0,High
User_510,192.32,High
User_511,64.48,High
User_512,20.0,High
User_513,47.61,High
User_514,20.0,High
User_515,706.68,Low
User_516,0.0,High
User_517,80.39,High
User_518,103.66,High
User_519,202.91,High
User_520,37.19,High
User_521,29.6,High
User_522,40.07,High
User_523,37.19,High
User_524,10.1,High
User_525,20.0,High
User_526,120.7,High
User_527,37.19,High
User_528,10.1,High
User_529,20.0,High
User_530,20.0,High
User_531,143.64,High
User_532,20.0,High
User_533,20.0,High
User_534,31.89,High
User_535,20.0,High
User_536,51.49,High
User_537,20.0,High
User_538,700.6,Low
User_539,29.6,High
User_540,998.69,Low
User_541,497.75,Medium
User_542,119.29,High
User_543,0.0,High
User_544,89.97,High
User_545,20.0,High
User_546,395.73,High
User_547,99.24,High
User_548,1000.0,Low
User_549,196.61,High
User_550,20.0,High
User_551,40.07,High
User_552,34.57,High
User_553,51.16,High
User_554,309.99,High
User_555,29.6,High
User_556,168.95,High
User_557,1000.0,Low
User_558,40.07,High
User_559,37.19,High
User_560,20.0,High
User_561,31.89,High
User_562,234.79,High
User_563,242.05,High
User_564,211.25,High
User_565,482.78,Medium
User_566,21.75,High
User_567,40.07,High
User_568,24.46,High
User_569,10.1,High
User_570,20.0,High
User_571,812.55,Low
User_572,29.6,High
User_573,1000.0,Low
User_574,503.61,Medium
User_575,10.1,High
User_576,29.6,High
User_577,31.89,High
User_578,10.1,High
User_579,1000.0,Low
User_580,20.0,High
User_581,51.16,High
User_582,114.83,High
User_583,425.88,Medium
User_584,59.86,High
User_585,82.0,High
User_586,49.95,High
User_587,1000.0,Low
User_588,20.0,High
User_589,20.0,High
User_590,31.89,High
User_591,20.0,High
User_592,498.36,Medium
User_593,20.0,High
User_594,158.13,High
User_595,20.0,High
User_596,20.0,High
User_597,12.07,High
User_598,176.63,High
User_599,20.0,High
User_600,111.57,High
User_601,614.27,Medium
User_602,162.07,High
User_603,21.52,High
User_604,141.35,High
User_605,51.16,High
User_606,424.56,Medium
User_607,51.57,High
User_608,72.95,High
User_609,31.89,High
User_610,335.66,High
User_611,62.08,High
User_612,997.83,Low
User_613,25.38,High
User_614,40.07,High
User_615,186.07,High
User_616,51.16,High
User_617,20.0,High
User_618,51.16,High
User_619,24.1,High
User_620,1000.0,Low
User_621,60.13,High
User_622,64.48,High
User_623,1000.0,Low
User_624,20.0,High
User_625,31.22,High
User_626,40.07,High
User_627,10.1,High
User_628,40.07,High
User_629,20.0,High
User_630,54.57,High
User_631,142.76,High
User_632,40.07,High
User_633,24.1,High
User_634,20.0,High
User_635,20.0,High
User_636,20.0,High
User_637,21.75,High
User_638,10.1,High
User_639,10.1,High
User_640,999.96,Low
User_641,40.07,High
User_642,40.07,High
User_643,29.6,High
User_644,20.0,High
User_645,145.1,High
User_646,12.07,High
User_647,69.26,High
User_648,20.0,High
User_649,1000.0,Low
User_650,105.91,High
User_651,607.17,Medium
User_652,431.24,Medium
User_653,439.14,Medium
User_654,20.0,High
User_655,191.56,High
User_656,55.97,High
User_657,148.06,High
User_658,999.96,Low
User_659,20.0,High
User_660,1000.0,Low
User_661,127.31,High
User_662,31.89,High
User_663,107.25,High
User_664,29.6,High
User_665,20.0,High
User_666,20.0,High
User_667,170.04,High
User_668,37.19,High
User_669,34.58,High
User_670,10.1,High
User_671,352.19,High
User_672,20.0,High
User_673,20.0,High
User_674,10.1,High
User_675,20.0,High
User_676,20.0,High
User_677,20.0,High
User_678,160.23,High
User_679,10.1,High
User_680,20.0,High
User_681,40.07,High
User_682,905.99,Low
User_683,1000.0,Low
User_684,651.99,Medium
User_685,40.07,High
User_686,59.86,High
User_687,366.68,High
User_688,1.15,High
User_689,40.07,High
User_690,999.96,Low
User_691,20.0,High
User_692,99.24,High
User_693,40.07,High
User_694,20.0,High
User_695,746.41,Low
User_696,37.19,High
User_697,20.0,High
User_698,80.39,High
User_699,55.97,High
User_700,457.53,Medium
User_701,805.74,Low
User_702,20.0,High
User_703,40.07,High
User_704,59.86,High
User_705,1000.0,Low
User_706,998.32,Low
User_707,40.07,High
User_708,99.24,High
User_709,59.86,High
User_710,20.0,High
User_711,106.06,High
User_712,20.0,High
User_713,20.0,High
User_714,92.25,High
User_715,20.0,High
User_716,20.0,High
User_717,37.19,High
User_718,288.17,High
User_719,20.0,High
User_720,231.66,High
User_721,20.0,High
User_722,20.0,High
User_723,37.19,High
User_724,421.98,Medium
User_725,31.89,High
User_726,20.0,High
User_727,93.98,High
User_728,37.19,High
User_729,20.0,High
User_730,0.0,High
User_731,114.55,High
User_732,364.04,High
User_733,88.59,High
User_734,85.37,High
User_735,29.6,High
User_736,31.89,High
User_737,79.88,High
User_738,230.54,High
User_739,20.0,High
User_740,138.76,High
User_741,172.16,High
User_742,31.89,High
User_743,20.0,High
User_744,528.91,Medium
User_745,20.0,High
User_746,245.61,High
User_747,62.61,High
User_748,20.0,High
User_749,20.0,High
User_750,10.1,High
User_751,51.57,High
User_752,20.0,High
User_753,605.04,Medium
User_754,709.8,Low
User_755,999.87,Low
User_756,40.07,High
User_757,213.28,High
User_758,116.77,High
User_759,20.0,High
User_760,10.1,High
User_761,20.0,High
User_762,408.84,Medium
User_763,10.1,High
User_764,20.0,High
User_765,20.0,High
User_766,20.0,High
User_767,20.0,High
User_768,478.74,Medium
User_769,150.14,High
User_770,20.0,High
User_771,396.66,High
User_772,64.48,High
User_773,20.0,High
User_774,984.32,Low
User_775,12.07,High
User_776,334.77,High
User_777,1000.0,Low
User_778,1000.0,Low
User_779,79.87,High
User_780,166.65,High
User_781,10.1,High
User_782,210.98,High
User_783,20.0,High
User_784,374.91,High
User_785,72.95,High
User_786,40.07,High
User_787,40.07,High
User_788,42.78,High
User_789,10.1,High
User_790,20.0,High
User_791,20.0,High
User_792,12.07,High
User_793,60.13,High
User_794,20.0,High
User_795,20.0,High
User_796,20.0,High
User_797,20.0,High
User_798,12.07,High
User_799,20.0,High
User_800,20.0,High
User_801,20.0,High
User_802,20.0,High
User_803,134.59,High
User_804,20.0,High
User_805,59.86,High
User_806,140.97,High
User_807,51.16,High
User_808,40.07,High
User_809,78.01,High
User_810,197.2,High
User_811,40.07,High
User_812,20.0,High
User_813,40.07,High
User_814,59.86,High
User_815,20.0,High
User_816,20.0,High
User_817,69.26,High
User_818,20.0,High
User_819,37.19,High
User_820,206.43,High
User_821,20.0,High
User_822,10.1,High
User_823,20.0,High
User_824,10.1,High
User_825,0.66,High
User_826,20.0,High
User_827,1000.0,Low
User_828,26.5,High
User_829,103.93,High
User_830,40.07,High
User_831,10.1,High
User_832,10.1,High
User_833,539.62,Medium
User_834,229.19,High
User_835,779.1,Low
User_836,20.0,High
User_837,10.1,High
User_838,352.29,High
User_839,20.0,High
User_840,20.0,High
User_841,20.0,High
User_842,40.07,High
User_843,40.07,High
User_844,20.0,High
User_845,20.0,High
User_846,520.25,Medium
User_847,10.1,High
User_848,464.97,Medium
User_849,368.08,High
User_850,132.37,High
User_851,10.1,High
User_852,60.13,High
User_853,64.48,High
User_854,20.0,High
User_855,999.96,Low
User_856,20.0,High
User_857,438.42,Medium
User_858,10.1,High
User_859,41.74,High
User_860,31.89,High
User_861,20.0,High
User_862,149.31,High
User_863,20.0,High
User_864,181.79,High
User_865,20.0,High
User_866,40.07,High
User_867,207.63,High
User_868,999.96,Low
User_869,20.0,High
User_870,40.07,High
User_871,20.0,High
User_872,347.76,High
User_873,20.0,High
User_874,20.0,High
User_875,10.1,High
User_876,281.06,High
User_877,20.0,High
User_878,20.0,High
User_879,59.86,High
User_880,47.25,High
User_881,156.42,High
User_882,12.07,High
User_883,20.0,High
User_884,20.0,High
User_885,40.07,High
User_886,843.07,Low
User_887,999.25,Low
User_888,40.07,High
User_889,31.89,High
User_890,138.76,High
User_891,51.16,High
User_892,20.64,High
User_893,20.0,High
User_894,117.82,High
User_895,999.54,Low
User_896,425.21,Medium
User_897,37.19,High
User_898,40.07,High
User_899,10.1,High
User_900,89.87,High
User_901,946.32,Low
User_902,591.13,Medium
User_903,10.1,High
User_904,10.1,High
User_905,20.0,High
User_906,37.19,High
User_907,20.0,High
User_908,20.0,High
User_909,342.31,High
User_910,89.33,High
User_911,69.26,High
User_912,12.07,High
User_913,1000.0,Low
User_914,79.88,High
User_915,29.6,High
User_916,20.0,High
User_917,10.1,High
User_918,20.0,High
User_919,1000.0,Low
User_920,42.78,High
User_921,20.0,High
User_922,10.1,High
User_923,10.1,High
User_924,20.0,High
User_925,102.85,High
User_926,96.79,High
User_927,40.07,High
User_928,162.05,High
User_929,20.0,High
User_930,257.6,High
User_931,999.66,Low
User_932,69.3,High
User_933,134.25,High
User_934,31.89,High
User_935,20.0,High
User_936,59.86,High
User_937,20.0,High
User_938,10.1,High
User_939,0.0,High
User_940,20.0,High
User_941,999.96,Low
User_942,20.0,High
User_943,20.0,High
User_944,261.28,High
User_945,10.1,High
User_946,69.26,High
User_947,40.07,High
User_948,37.19,High
User_949,898.65,Low
User_950,1000.0,Low
User_951,20.0,High
User_952,40.07,High
User_953,20.0,High
User_954,207.2,High
User_955,242.25,High
User_956,20.0,High
User_957,20.0,High
User_958,20.0,High
User_959,25.38,High
User_960,31.89,High
User_961,693.26,Medium
User_962,91.36,High
User_963,706.68,Low
User_964,284.02,High
User_965,12.07,High
User_966,140.12,High
User_967,1000.0,Low
User_968,192.4,High
User_969,20.0,High
User_970,59.18,High
User_971,999.74,Low
User_972,20.0,High
User_973,10.1,High
User_974,20.0,High
User_975,20.0,High
User_976,20.0,High
User_977,226.94,High
User_978,486.26,Medium
User_979,20.0,High
User_980,114.55,High
User_981,518.88,Medium
User_982,51.16,High
User_983,20.0,High
User_984,10.1,High
User_985,10.1,High
User_986,37.19,High
User_987,98.53,High
User_988,20.0,High
User_989,80.41,High
User_990,788.2,Low
User_991,0.61,High
User_992,20.0,High
User_993,40.07,High
User_994,20.0,High
User_995,20.0,High
User_996,1000.0,Low
User_997,70.64,High
User_998,20.0,High
User_999,20.0,High
User_1000,10.1,High
User_1001,49.45,High
User_1002,999.98,Low
User_1003,42.78,High
User_1004,431.68,Medium
User_1005,20.0,High
User_1006,84.84,High
User_1007,41.74,High
User_1008,157.37,High
User_1009,999.59,Low
User_1010,10.1,High
User_1011,999.7,Low
User_1012,47.61,High
User_1013,20.0,High
User_1014,12.07,High
User_1015,31.89,High
User_1016,10.1,High
User_1017,40.07,High
User_1018,20.0,High
User_1019,994.92,Low
User_1020,20.0,High
User_1021,12.07,High
User_1022,12.07,High
User_1023,60.34,High
User_1024,31.89,High
User_1025,20.0,High
User_1026,172.68,High
User_1027,1000.0,Low
User_1028,161.69,High
User_1029,20.0,High
User_1030,40.07,High
User_1031,20.0,High
User_1032,37.19,High
User_1033,20.0,High
User_1034,20.0,High
User_1035,20.0,High
User_1036,134.56,High
User_1037,181.67,High
User_1038,40.07,High
User_1039,20.0,High
User_1040,809.1,Low
User_1041,37.19,High
User_1042,903.9,Low
User_1043,10.1,High
User_1044,40.07,High
User_1045,20.0,High
User_1046,37.19,High
User_1047,80.39,High
User_1048,1000.0,Low
User_1049,24.1,High
User_1050,20.0,High
User_1051,123.85,High
User_1052,10.1,High
User_1053,20.0,High
User_1054,10.1,High
User_1055,37.19,High
User_1056,37.19,High
User_1057,85.37,High
User_1058,1000.0,Low
User_1059,87.95,High
User_1060,40.07,High
User_1061,31.89,High
User_1062,10.1,High
User_1063,97.38,High
User_1064,1000.0,Low
User_1065,107.06,High
User_1066,20.0,High
User_1067,20.0,High
User_1068,35.85,High
User_1069,40.07,High
User_1070,82.0,High
User_1071,175.71,High
User_1072,20.0,High
User_1073,51.16,High
User_1074,40.07,High
User_1075,31.89,High
User_1076,141.82,High
User_1077,59.86,High
User_1078,20.0,High
User_1079,35.85,High
User_1080,20.0,High
User_1081,1000.0,Low
User_1082,174.87,High
User_1083,280.48,High
User_1084,20.0,High
User_1085,212.41,High
User_1086,118.52,High
User_1087,20.0,High
User_1088,20.0,High
User_1089,20.0,High
User_1090,20.0,High
User_1091,1000.0,Low
User_1092,20.0,High
User_1093,54.57,High
User_1094,20.0,High
User_1095,12.07,High
User_1096,20.0,High
User_1097,24.1,High
User_1098,203.87,High
User_1099,20.0,High
User_1100,80.39,High
User_1101,998.49,Low
User_1102,55.97,High
User_1103,523.73,Medium
User_1104,20.0,High
User_1105,40.07,High
User_1106,40.07,High
User_1107,173.84,High
User_1108,20.0,High
User_1109,21.75,High
User_1110,20.0,High
User_1111,37.19,High
User_1112,189.8,High
User_1113,761.91,Low
User_1114,999.96,Low
User_1115,40.07,High
User_1116,139.35,High
User_1117,261.43,High
User_1118,40.07,High
User_1119,573.27,Medium
User_1120,59.86,High
User_1121,20.0,High
User_1122,40.07,High
User_1123,31.89,High
User_1124,72.95,High
User_1125,31.89,High
User_1126,37.19,High
User_1127,20.0,High
User_1128,51.16,High
User_1129,20.0,High
User_1130,86.1,High
User_1131,461.64,Medium
User_1132,999.79,Low
User_1133,85.37,High
User_1134,52.11,High
User_1135,31.89,High
User_1136,91.62,High
User_1137,20.0,High
User_1138,89.33,High
User_1139,31.89,High
User_1140,95.41,High
User_1141,59.86,High
User_1142,72.3,High
User_1143,20.0,High
User_1144,20.0,High
User_1145,40.28,High
User_1146,20.0,High
User_1147,49.95,High
User_1148,454.69,Medium
User_1149,31.89,High
User_1150,194.89,High
User_1151,20.0,High
User_1152,20.0,High
User_1153,20.0,High
User_1154,32.61,High
User_1155,20.0,High
User_1156,173.28,High
User_1157,37.19,High
User_1158,274.71,High
User_1159,20.0,High
User_1160,752.17,Low
User_1161,24.1,High
User_1162,361.44,High
User_1163,20.0,High
User_1164,559.49,Medium
User_1165,40.07,High
User_1166,999.97,Low
User_1167,59.76,High
User_1168,533.2,Medium
User_1169,20.0,High
User_1170,20.0,High
User_1171,136.68,High
User_1172,10.1,High
User_1173,999.34,Low
User_1174,20.0,High
User_1175,407.82,Medium
User_1176,20.0,High
User_1177,24.1,High
User_1178,20.0,High
User_1179,40.07,High
User_1180,129.5,High
User_1181,25.38,High
User_1182,38.23,High
User_1183,20.0,High
User_1184,20.0,High
User_1185,239.08,High
User_1186,363.59,High
User_1187,111.57,High
User_1188,945.34,Low
User_1189,966.77,Low
User_1190,10.1,High
User_1191,115.2,High
User_1192,123.85,High
User_1193,466.44,Medium
User_1194,37.19,High
User_1195,20.0,High
User_1196,20.0,High
User_1197,0.0,High
User_1198,31.89,High
User_1199,55.13,High
User_1200,40.07,High
User_1201,99.29,High
User_1202,175.7,High
User_1203,40.07,High
User_1204,80.39,High
User_1205,1000.0,Low
User_1206,318.91,High
User_1207,772.53,Low
User_1208,999.96,Low
User_1209,40.07,High
User_1210,47.55,High
User_1211,31.89,High
User_1212,12.07,High
User_1213,20.0,High
User_1214,179.09,High
User_1215,20.0,High
User_1216,999.97,Low
User_1217,20.0,High
User_1218,59.86,High
User_1219,288.49,High
User_1220,274.41,High
User_1221,29.6,High
User_1222,37.19,High
User_1223,20.0,High
User_1224,75.34,High
User_1225,40.07,High
User_1226,40.07,High
User_1227,272.24,High
User_1228,306.08,High
User_1229,88.04,High
User_1230,279.73,High
User_1231,20.0,High
User_1232,31.89,High
User_1233,40.07,High
User_1234,59.86,High
User_1235,10.1,High
User_1236,20.0,High
User_1237,40.07,High
User_1238,20.0,High
User_1239,624.47,Medium
User_1240,59.86,High
User_1241,20.0,High
User_1242,20.0,High
User_1243,772.57,Low
User_1244,59.86,High
User_1245,78.31,High
User_1246,40.07,High
User_1247,20.0,High
User_1248,20.0,High
User_1249,59.86,High
User_1250,10.1,High
User_1251,55.97,High
User_1252,20.0,High
User_1253,20.0,High
User_1254,329.47,High
User_1255,20.0,High
User_1256,37.19,High
User_1257,20.0,High
User_1258,78.01,High
User_1259,113.37,High
User_1260,37.19,High
User_1261,31.89,High
User_1262,20.0,High
User_1263,51.16,High
User_1264,31.89,High
User_1265,20.0,High
User_1266,251.88,High
User_1267,37.19,High
User_1268,72.95,High
User_1269,37.19,High
User_1270,605.83,Medium
User_1271,20.0,High
User_1272,139.35,High
User_1273,54.57,High
User_1274,449.84,Medium
User_1275,1000.0,Low
User_1276,29.6,High
User_1277,10.1,High
User_1278,257.9,High
User_1279,762.38,Low
User_1280,40.07,High
User_1281,80.39,High
User_1282,40.07,High
User_1283,10.1,High
User_1284,60.34,High
User_1285,80.39,High
User_1286,1000.0,Low
User_1287,139.14,High
User_1288,200.61,High
User_1289,541.39,Medium
User_1290,47.61,High
User_1291,59.86,High
User_1292,20.0,High
User_1293,37.19,High
User_1294,673.36,Medium
User_1295,182.88,High
User_1296,10.1,High
User_1297,40.07,High
User_1298,31.89,High
User_1299,55.97,High
User_1300,418.46,Medium
User_1301,20.0,High
User_1302,1000.0,Low
User_1303,31.89,High
User_1304,20.0,High
User_1305,626.95,Medium
User_1306,89.42,High
User_1307,38.23,High
User_1308,1.46,High
User_1309,197.77,High
User_1310,47.55,High
User_1311,20.0,High
User_1312,295.41,High
User_1313,291.74,High
User_1314,707.99,Low
User_1315,20.0,High
User_1316,20.0,High
User_1317,10.1,High
User_1318,20.0,High
User_1319,40.07,High
User_1320,25.38,High
User_1321,31.89,High
User_1322,222.52,High
User_1323,20.0,High
User_1324,12.07,High
User_1325,180.38,High
User_1326,37.19,High
User_1327,80.39,High
User_1328,382.03,High
User_1329,128.64,High
User_1330,40.07,High
User_1331,20.0,High
User_1332,20.0,High
User_1333,40.07,High
User_1334,78.01,High
User_1335,20.0,High
User_1336,20.0,High
User_1337,232.67,High
User_1338,132.37,High
User_1339,40.07,High
User_1340,137.17,High
User_1341,120.06,High
User_1342,20.0,High
User_1343,20.0,High
User_1344,31.89,High
User_1345,78.01,High
User_1346,20.0,High
User_1347,25.38,High
User_1348,550.03,Medium
User_1349,21.75,High
User_1350,301.04,High
User_1351,20.0,High
User_1352,20.0,High
User_1353,10.1,High
User_1354,40.07,High
User_1355,20.0,High
User_1356,20.0,High
User_1357,20.0,High
User_1358,20.0,High
User_1359,293.55,High
User_1360,999.96,Low
User_1361,35.85,High
User_1362,20.0,High
User_1363,20.0,High
User_1364,105.08,High
User_1365,37.19,High
User_1366,1000.0,Low
User_1367,78.01,High
User_1368,218.49,High
User_1369,40.07,High
User_1370,31.89,High
User_1371,32.61,High
User_1372,275.9,High
User_1373,40.07,High
User_1374,12.07,High
User_1375,69.26,High
User_1376,395.39,High
User_1377,20.0,High
User_1378,203.9,High
User_1379,31.89,High
User_1380,352.14,High
User_1381,20.0,High
User_1382,55.5,High
User_1383,12.07,High
User_1384,37.19,High
User_1385,20.0,High
User_1386,20.0,High
User_1387,10.1,High
User_1388,40.07,High
User_1389,38.23,High
User_1390,192.6,High
User_1391,120.01,High
User_1392,146.91,High
User_1393,20.0,High
User_1394,12.07,High
User_1395,20.0,High
User_1396,181.82,High
User_1397,999.96,Low
User_1398,1000.0,Low
User_1399,94.17,High
User_1400,0.34,High
User_1401,338.14,High
User_1402,38.23,High
User_1403,38.23,High
User_1404,606.83,Medium
User_1405,231.05,High
User_1406,20.0,High
User_1407,20.0,High
User_1408,40.07,High
User_1409,94.87,High
User_1410,20.0,High
User_1411,12.07,High
User_1412,299.01,High
User_1413,71.18,High
User_1414,271.79,High
User_1415,40.07,High
User_1416,20.0,High
User_1417,20.0,High
User_1418,999.45,Low
User_1419,1000.0,Low
User_1420,29.6,High
User_1421,20.0,High
User_1422,20.0,High
User_1423,20.0,High
User_1424,20.0,High
User_1425,176.3,High
User_1426,37.19,High
User_1427,80.39,High
User_1428,20.0,High
User_1429,20.0,High
User_1430,31.89,High
User_1431,37.19,High
User_1432,20.0,High
User_1433,169.26,High
User_1434,600.62,Medium
User_1435,69.26,High
User_1436,309.75,High
User_1437,20.0,High
User_1438,20.85,High
User_1439,51.16,High
User_1440,40.07,High
User_1441,614.06,Medium
User_1442,243.76,High
User_1443,415.54,Medium
User_1444,125.81,High
User_1445,1000.0,Low
User_1446,12.07,High
User_1447,366.56,High
User_1448,78.31,High
User_1449,20.0,High
User_1450,20.0,High
User_1451,20.0,High
User_1452,999.27,Low
User_1453,20.0,High
User_1454,347.7,High
User_1455,40.07,High
User_1456,40.07,High
User_1457,164.53,High
User_1458,183.6,High
User_1459,51.16,High
User_1460,40.07,High
User_1461,142.67,High
User_1462,10.1,High
User_1463,20.0,High
User_1464,990.77,Low
User_1465,20.0,High
User_1466,31.89,High
User_1467,20.0,High
User_1468,20.0,High
User_1469,10.1,High
User_1470,1000.0,Low
User_1471,431.21,Medium
User_1472,20.0,High
User_1473,40.07,High
User_1474,330.97,High
User_1475,20.0,High
User_1476,20.0,High
User_1477,49.45,High
User_1478,20.0,High
User_1479,20.0,High
User_1480,31.89,High
User_1481,72.95,High
User_1482,20.0,High
User_1483,20.0,High
User_1484,140.56,High
User_1485,10.1,High
User_1486,47.71,High
User_1487,20.0,High
User_1488,254.1,High
User_1489,20.0,High
User_1490,21.75,High
User_1491,1000.0,Low
User_1492,20.0,High
User_1493,16.19,High
User_1494,37.19,High
User_1495,12.07,High
User_1496,20.0,High
User_1497,20.0,High
User_1498,31.89,High
User_1499,202.91,High
User_1500,20.0,High
User_1501,526.76,Medium
User_1502,20.0,High
User_1503,32.61,High
User_1504,20.0,High
User_1505,1000.0,Low
User_1506,20.0,High
User_1507,553.7,Medium
User_1508,118.32,High
User_1509,298.66,High
User_1510,37.19,High
User_1511,20.0,High
User_1512,20.0,High
User_1513,20.0,High
User_1514,20.0,High
User_1515,20.0,High
User_1516,46.85,High
User_1517,10.1,High
User_1518,92.75,High
User_1519,10.1,High
User_1520,67.69,High
User_1521,164.88,High
User_1522,21.75,High
User_1523,20.0,High
User_1524,20.0,High
User_1525,12.07,High
User_1526,364.94,High
User_1527,20.0,High
User_1528,354.55,High
User_1529,493.09,Medium
User_1530,20.0,High
User_1531,167.89,High
User_1532,20.0,High
User_1533,40.07,High
User_1534,225.17,High
User_1535,186.07,High
User_1536,29.6,High
User_1537,481.28,Medium
User_1538,378.73,High
User_1539,186.07,High
User_1540,40.07,High
User_1541,0.19,High
User_1542,31.89,High
User_1543,298.69,High
User_1544,185.69,High
User_1545,43.69,High
User_1546,700.44,Low
User_1547,12.07,High
User_1548,114.33,High
User_1549,0.08,High
User_1550,20.0,High
User_1551,10.1,High
User_1552,235.64,High
User_1553,11.01,High
User_1554,20.0,High
User_1555,999.62,Low
User_1556,653.32,Medium
User_1557,51.1,High
User_1558,20.0,High
User_1559,40.07,High
User_1560,361.19,High
User_1561,20.0,High
User_1562,20.0,High
User_1563,202.8,High
User_1564,20.0,High
User_1565,178.55,High
User_1566,10.1,High
User_1567,254.67,High
User_1568,215.87,High
User_1569,1000.0,Low
User_1570,20.0,High
User_1571,20.0,High
User_1572,999.91,Low
User_1573,20.0,High
User_1574,155.31,High
User_1575,28.2,High
User_1576,40.07,High
User_1577,224.4,High
User_1578,999.96,Low
User_1579,78.01,High
User_1580,20.0,High
User_1581,541.3,Medium
User_1582,94.17,High
User_1583,937.13,Low
User_1584,40.07,High
User_1585,866.18,Low
User_1586,20.0,High
User_1587,90.28,High
User_1588,20.0,High
User_1589,922.53,Low
User_1590,40.07,High
User_1591,738.53,Low
User_1592,299.63,High
User_1593,40.07,High
User_1594,192.07,High
User_1595,24.1,High
User_1596,40.07,High
User_1597,35.85,High
User_1598,99.29,High
User_1599,40.07,High
User_1600,20.0,High
User_1601,976.57,Low
User_1602,24.1,High
User_1603,1000.0,Low
User_1604,159.82,High
User_1605,20.0,High
User_1606,10.1,High
User_1607,10.1,High
User_1608,1000.0,Low
User_1609,80.39,High
User_1610,40.07,High
User_1611,341.25,High
User_1612,357.34,High
User_1613,248.78,High
User_1614,20.0,High
User_1615,20.0,High
User_1616,27.21,High
User_1617,20.0,High
User_1618,37.19,High
User_1619,20.0,High
User_1620,114.58,High
User_1621,788.59,Low
User_1622,770.03,Low
User_1623,0.0,High
User_1624,95.17,High
User_1625,329.84,High
User_1626,161.49,High
User_1627,20.0,High
User_1628,257.39,High
User_1629,35.85,High
User_1630,546.61,Medium
User_1631,20.0,High
User_1632,20.0,High
User_1633,72.95,High
User_1634,1000.0,Low
User_1635,158.77,High
User_1636,20.0,High
User_1637,31.89,High
User_1638,20.0,High
User_1639,0.46,High
User_1640,88.95,High
User_1641,84.12,High
User_1642,181.58,High
User_1643,999.95,Low
User_1644,10.1,High
User_1645,172.16,High
User_1646,29.6,High
User_1647,80.39,High
User_1648,20.0,High
User_1649,133.34,High
User_1650,1000.0,Low
User_1651,205.44,High
User_1652,31.89,High
User_1653,99.24,High
User_1654,72.95,High
User_1655,20.0,High
User_1656,20.0,High
User_1657,20.0,High
User_1658,10.1,High
User_1659,20.0,High
User_1660,20.0,High
User_1661,40.07,High
User_1662,40.07,High
User_1663,40.07,High
User_1664,202.28,High
User_1665,346.62,High
User_1666,12.07,High
User_1667,10.1,High
User_1668,500.4,Medium
User_1669,20.0,High
User_1670,0.0,High
User_1671,20.0,High
User_1672,20.0,High
User_1673,345.89,High
User_1674,136.68,High
User_1675,40.07,High
User_1676,51.49,High
User_1677,1000.0,Low
User_1678,20.0,High
User_1679,40.07,High
User_1680,20.0,High
User_1681,571.48,Medium
User_1682,20.0,High
User_1683,441.54,Medium
User_1684,20.0,High
User_1685,20.0,High
User_1686,62.08,High
User_1687,120.7,High
User_1688,20.0,High
User_1689,868.41,Low
User_1690,79.39,High
User_1691,20.0,High
User_1692,582.58,Medium
User_1693,20.0,High
User_1694,143.8,High
User_1695,41.74,High
User_1696,20.0,High
User_1697,40.07,High
User_1698,20.0,High
User_1699,20.0,High
User_1700,20.0,High
User_1701,64.48,High
User_1702,40.07,High
User_1703,42.78,High
User_1704,968.82,Low
User_1705,20.0,High
User_1706,40.07,High
User_1707,723.84,Low
User_1708,20.0,High
User_1709,1000.0,Low
User_1710,31.89,High
User_1711,31.89,High
User_1712,20.0,High
User_1713,80.39,High
User_1714,576.38,Medium
User_1715,1000.0,Low
User_1716,144.26,High
User_1717,1000.0,Low
User_1718,780.41,Low
User_1719,1000.0,Low
User_1720,20.0,High
User_1721,20.0,High
User_1722,40.07,High
User_1723,0.08,High
User_1724,20.0,High
User_1725,64.48,High
User_1726,51.16,High
User_1727,20.0,High
User_1728,20.0,High
User_1729,165.65,High
User_1730,338.39,High
User_1731,0.0,High
User_1732,206.68,High
User_1733,37.19,High
User_1734,1000.0,Low
User_1735,64.48,High
User_1736,41.67,High
User_1737,20.0,High
User_1738,20.0,High
User_1739,20.0,High
User_1740,69.59,High
User_1741,31.89,High
User_1742,31.89,High
User_1743,31.89,High
User_1744,144.26,High
User_1745,999.81,Low
User_1746,20.0,High
User_1747,10.1,High
User_1748,20.0,High
User_1749,71.18,High
User_1750,280.58,High
User_1751,31.89,High
User_1752,20.0,High
User_1753,20.0,High
User_1754,20.0,High
User_1755,219.91,High
User_1756,31.89,High
User_1757,49.45,High
User_1758,40.07,High
User_1759,135.68,High
User_1760,142.17,High
User_1761,20.0,High
User_1762,59.86,High
User_1763,235.73,High
User_1764,1000.0,Low
User_1765,256.12,High
User_1766,20.0,High
User_1767,62.08,High
User_1768,343.45,High
User_1769,20.0,High
User_1770,20.0,High
User_1771,20.0,High
User_1772,10.1,High
User_1773,1000.0,Low
User_1774,98.71,High
User_1775,12.07,High
User_1776,114.55,High
User_1777,12.07,High
User_1778,60.34,High
User_1779,20.0,High
User_1780,10.1,High
User_1781,69.26,High
User_1782,760.93,Low
User_1783,10.1,High
User_1784,20.0,High
User_1785,0.22,High
User_1786,20.0,High
User_1787,20.0,High
User_1788,384.98,High
User_1789,31.89,High
User_1790,413.98,Medium
User_1791,151.73,High
User_1792,40.07,High
User_1793,20.0,High
User_1794,1000.0,Low
User_1795,20.0,High
User_1796,20.0,High
User_1797,0.96,High
User_1798,20.0,High
User_1799,20.0,High
User_1800,20.0,High
User_1801,20.0,High
User_1802,20.0,High
User_1803,251.46,High
User_1804,20.0,High
User_1805,1000.0,Low
User_1806,174.36,High
User_1807,20.0,High
User_1808,60.13,High
User_1809,520.78,Medium
User_1810,999.96,Low
User_1811,51.16,High
User_1812,20.0,High
User_1813,560.59,Medium
User_1814,10.1,High
User_1815,51.16,High
User_1816,40.07,High
User_1817,20.0,High
User_1818,133.03,High
User_1819,1000.0,Low
User_1820,291.59,High
User_1821,20.0,High
User_1822,37.19,High
User_1823,38.23,High
User_1824,37.19,High
User_1825,20.0,High
User_1826,999.96,Low
User_1827,841.37,Low
User_1828,694.96,Medium
User_1829,10.1,High
User_1830,20.0,High
User_1831,37.19,High
User_1832,20.0,High
User_1833,20.0,High
User_1834,1000.0,Low
User_1835,20.0,High
User_1836,85.37,High
User_1837,625.68,Medium
User_1838,72.3,High
User_1839,20.0,High
User_1840,40.07,High
User_1841,1.77,High
User_1842,689.32,Medium
User_1843,69.59,High
User_1844,20.0,High
User_1845,20.0,High
User_1846,69.26,High
User_1847,40.07,High
User_1848,20.0,High
User_1849,40.07,High
User_1850,40.07,High
User_1851,338.53,High
User_1852,31.89,High
User_1853,29.6,High
User_1854,20.0,High
User_1855,184.88,High
User_1856,10.1,High
User_1857,999.37,Low
User_1858,40.07,High
User_1859,20.0,High
User_1860,209.61,High
User_1861,20.0,High
User_1862,40.07,High
User_1863,20.0,High
User_1864,31.89,High
User_1865,31.89,High
User_1866,42.39,High
User_1867,20.0,High
User_1868,10.1,High
User_1869,441.3,Medium
User_1870,40.07,High
User_1871,25.38,High
User_1872,983.52,Low
User_1873,20.0,High
User_1874,64.48,High
User_1875,20.0,High
User_1876,999.98,Low
User_1877,217.86,High
User_1878,20.0,High
User_1879,64.48,High
User_1880,10.1,High
User_1881,10.1,High
User_1882,90.75,High
User_1883,29.6,High
User_1884,20.0,High
User_1885,12.07,High
User_1886,278.35,High
User_1887,20.0,High
User_1888,20.0,High
User_1889,147.75,High
User_1890,20.0,High
User_1891,423.69,Medium
User_1892,10.1,High
User_1893,10.1,High
User_1894,99.24,High
User_1895,721.73,Low
User_1896,750.06,Low
User_1897,100.72,High
User_1898,71.67,High
User_1899,630.36,Medium
User_1900,40.07,High
User_1901,321.25,High
User_1902,658.66,Medium
User_1903,20.0,High
User_1904,35.85,High
User_1905,29.6,High
User_1906,999.96,Low
User_1907,20.0,High
User_1908,40.07,High
User_1909,20.0,High
User_1910,659.03,Medium
User_1911,40.07,High
User_1912,40.28,High
User_1913,12.64,High
User_1914,40.07,High
User_1915,20.0,High
User_1916,241.21,High
User_1917,59.86,High
User_1918,72.95,High
User_1919,12.07,High
User_1920,999.68,Low
User_1921,873.75,Low
User_1922,40.07,High
User_1923,31.89,High
User_1924,40.07,High
User_1925,1000.0,Low
User_1926,331.39,High
User_1927,282.44,High
User_1928,315.43,High
User_1929,40.07,High
User_1930,61.56,High
User_1931,20.0,High
User_1932,72.62,High
User_1933,20.0,High
User_1934,20.0,High
User_1935,1.88,High
User_1936,37.19,High
User_1937,0.31,High
User_1938,47.61,High
User_1939,462.05,Medium
User_1940,20.0,High
User_1941,195.58,High
User_1942,20.0,High
User_1943,184.11,High
User_1944,156.7,High
User_1945,1000.0,Low
User_1946,20.0,High
User_1947,31.89,High
User_1948,40.07,High
User_1949,20.0,High
User_1950,283.28,High
User_1951,40.07,High
User_1952,20.0,High
User_1953,32.03,High
User_1954,214.65,High
User_1955,40.07,High
User_1956,212.02,High
User_1957,37.19,High
User_1958,40.07,High
User_1959,278.47,High
User_1960,12.07,High
User_1961,40.07,High
User_1962,1000.0,Low
User_1963,967.33,Low
User_1964,553.03,Medium
User_1965,20.0,High
User_1966,49.45,High
User_1967,40.07,High
User_1968,234.36,High
User_1969,12.07,High
User_1970,20.0,High
User_1971,12.07,High
User_1972,40.07,High
User_1973,999.46,Low
User_1974,439.87,Medium
User_1975,31.89,High
User_1976,78.01,High
User_1977,0.0,High
User_1978,59.86,High
User_1979,711.57,Low
User_1980,180.53,High
User_1981,733.77,Low
User_1982,181.82,High
User_1983,159.53,High
User_1984,20.0,High
User_1985,25.38,High
User_1986,85.37,High
User_1987,80.39,High
User_1988,20.0,High
User_1989,55.97,High
User_1990,112.04,High
User_1991,592.25,Medium
User_1992,625.18,Medium
User_1993,1000.0,Low
User_1994,20.0,High
User_1995,79.87,High
User_1996,20.0,High
User_1997,533.06,Medium
User_1998,20.0,High
User_1999,60.34,High
User_2000,15.52,High
User_2001,20.0,High
User_2002,20.0,High
User_2003,249.49,High
User_2004,59.18,High
User_2005,184.52,High
User_2006,59.86,High
User_2007,20.0,High
User_2008,437.91,Medium
User_2009,20.0,High
User_2010,252.12,High
User_2011,20.0,High
User_2012,20.0,High
User_2013,10.1,High
User_2014,72.95,High
User_2015,743.6,Low
User_2016,12.07,High
User_2017,399.68,High
User_2018,12.07,High
User_2019,31.89,High
User_2020,999.94,Low
User_2021,20.0,High
User_2022,20.0,High
User_2023,20.0,High
User_2024,40.07,High
User_2025,20.0,High
User_2026,307.45,High
User_2027,1000.0,Low
User_2028,20.0,High
User_2029,29.6,High
User_2030,20.0,High
User_2031,20.0,High
User_2032,20.0,High
User_2033,20.0,High
User_2034,47.61,High
User_2035,37.19,High
User_2036,684.36,Medium
User_2037,51.16,High
User_2038,193.53,High
User_2039,20.0,High
User_2040,72.95,High
User_2041,37.19,High
User_2042,20.0,High
User_2043,20.0,High
User_2044,20.0,High
User_2045,20.0,High
User_2046,74.83,High
User_2047,10.1,High
User_2048,20.0,High
User_2049,20.0,High
User_2050,10.1,High
User_2051,394.4,High
User_2052,2.06,High
User_2053,282.46,High
User_2054,12.07,High
User_2055,20.0,High
User_2056,42.78,High
User_2057,20.0,High
User_2058,37.19,High
User_2059,20.0,High
User_2060,155.52,High
User_2061,101.38,High
User_2062,20.0,High
User_2063,20.0,High
User_2064,37.19,High
User_2065,256.15,High
User_2066,102.12,High
User_2067,20.0,High
User_2068,72.95,High
User_2069,40.07,High
User_2070,20.0,High
User_2071,608.74,Medium
User_2072,892.71,Low
User_2073,999.44,Low
User_2074,64.48,High
User_2075,10.1,High
User_2076,89.33,High
User_2077,40.07,High
User_2078,40.07,High
User_2079,384.84,High
User_2080,102.19,High
User_2081,20.0,High
User_2082,24.1,High
User_2083,40.07,High
User_2084,315.19,High
User_2085,31.89,High
User_2086,20.0,High
User_2087,917.16,Low
User_2088,84.61,High
User_2089,20.0,High
User_2090,55.5,High
User_2091,69.26,High
User_2092,864.61,Low
User_2093,20.0,High
User_2094,12.07,High
User_2095,999.65,Low
User_2096,20.0,High
User_2097,51.16,High
User_2098,491.17,Medium
User_2099,131.0,High
User_2100,73.48,High
User_2101,0.26,High
User_2102,35.85,High
User_2103,490.97,Medium
User_2104,20.0,High
User_2105,276.02,High
User_2106,600.02,Medium
User_2107,290.61,High
User_2108,203.63,High
User_2109,318.5,High
User_2110,40.07,High
User_2111,20.0,High
User_2112,31.89,High
User_2113,264.5,High
User_2114,20.0,High
User_2115,212.07,High
User_2116,597.38,Medium
User_2117,20.0,High
User_2118,20.0,High
User_2119,86.73,High
User_2120,633.41,Medium
User_2121,99.24,High
User_2122,20.0,High
User_2123,999.96,Low
User_2124,20.0,High
User_2125,40.07,High
User_2126,40.07,High
User_2127,10.1,High
User_2128,51.16,High
User_2129,60.34,High
User_2130,20.0,High
User_2131,35.99,High
User_2132,20.0,High
User_2133,23.86,High
User_2134,40.07,High
User_2135,20.0,High
User_2136,20.0,High
User_2137,999.58,Low
User_2138,20.0,High
User_2139,248.69,High
User_2140,20.0,High
User_2141,178.84,High
User_2142,20.0,High
User_2143,20.0,High
User_2144,20.0,High
User_2145,20.0,High
User_2146,10.1,High
User_2147,20.0,High
User_2148,20.0,High
User_2149,119.09,High
User_2150,20.0,High
User_2151,999.09,Low
User_2152,55.5,High
User_2153,93.98,High
User_2154,147.12,High
User_2155,20.0,High
User_2156,340.66,High
User_2157,203.03,High
User_2158,40.07,High
User_2159,274.71,High
User_2160,281.19,High
User_2161,20.0,High
User_2162,20.0,High
User_2163,143.01,High
User_2164,59.86,High
User_2165,42.13,High
User_2166,34.56,High
User_2167,40.07,High
User_2168,40.07,High
User_2169,20.0,High
User_2170,59.86,High
User_2171,20.0,High
User_2172,20.0,High
User_2173,20.0,High
User_2174,0.37,High
User_2175,10.1,High
User_2176,10.1,High
User_2177,59.86,High
User_2178,10.1,High
User_2179,252.18,High
User_2180,10.1,High
User_2181,140.04,High
User_2182,37.19,High
User_2183,10.1,High
User_2184,10.1,High
User_2185,99.24,High
User_2186,1000.0,Low
User_2187,92.25,High
User_2188,40.07,High
User_2189,24.13,High
User_2190,20.0,High
User_2191,20.0,High
User_2192,126.41,High
User_2193,40.07,High
User_2194,37.19,High
User_2195,211.23,High
User_2196,602.29,Medium
User_2197,20.0,High
User_2198,20.0,High
User_2199,37.19,High
User_2200,20.0,High
User_2201,40.07,High
User_2202,10.1,High
User_2203,982.22,Low
User_2204,1000.0,Low
User_2205,20.0,High
User_2206,368.99,High
User_2207,25.38,High
User_2208,20.0,High
User_2209,20.0,High
User_2210,20.0,High
User_2211,1000.0,Low
User_2212,999.4,Low
User_2213,20.0,High
User_2214,107.13,High
User_2215,10.1,High
User_2216,194.54,High
User_2217,20.0,High
User_2218,20.0,High
User_2219,85.37,High
User_2220,324.96,High
User_2221,20.0,High
User_2222,331.64,High
User_2223,114.58,High
User_2224,37.19,High
User_2225,20.0,High
User_2226,72.95,High
User_2227,20.0,High
User_2228,176.7,High
User_2229,40.07,High
User_2230,40.07,High
User_2231,40.07,High
User_2232,20.0,High
User_2233,20.0,High
User_2234,20.0,High
User_2235,20.0,High
User_2236,59.86,High
User_2237,20.0,High
User_2238,20.0,High
User_2239,1000.0,Low
User_2240,40.07,High
User_2241,40.07,High
User_2242,20.0,High
User_2243,20.0,High
User_2244,232.06,High
User_2245,105.08,High
User_2246,31.89,High
User_2247,20.0,High
User_2248,37.19,High
User_2249,40.07,High
User_2250,20.0,High
User_2251,40.07,High
User_2252,1000.0,Low
User_2253,10.1,High
User_2254,10.1,High
User_2255,20.0,High
User_2256,20.0,High
User_2257,20.0,High
User_2258,79.59,High
User_2259,31.22,High
User_2260,111.16,High
User_2261,20.0,High
User_2262,20.0,High
User_2263,20.0,High
User_2264,172.93,High
User_2265,20.0,High
User_2266,20.0,High
User_2267,20.0,High
User_2268,59.86,High
User_2269,40.07,High
User_2270,37.19,High
User_2271,85.37,High
User_2272,24.1,High
User_2273,99.24,High
User_2274,40.07,High
User_2275,20.0,High
User_2276,94.17,High
User_2277,350.44,High
User_2278,20.0,High
User_2279,10.1,High
User_2280,20.0,High
User_2281,31.89,High
User_2282,0.0,High
User_2283,20.0,High
User_2284,157.37,High
User_2285,32.69,High
User_2286,20.0,High
User_2287,121.4,High
User_2288,740.97,Low
User_2289,20.0,High
User_2290,40.07,High
User_2291,73.48,High
User_2292,20.0,High
User_2293,1000.0,Low
User_2294,20.0,High
User_2295,20.0,High
User_2296,51.16,High
User_2297,20.0,High
User_2298,235.19,High
User_2299,259.33,High
User_2300,40.07,High
User_2301,20.0,High
User_2302,42.78,High
User_2303,72.95,High
User_2304,783.46,Low
User_2305,1000.0,Low
User_2306,40.07,High
User_2307,204.75,High
User_2308,40.07,High
User_2309,40.07,High
User_2310,276.8,High
User_2311,368.78,High
User_2312,10.1,High
User_2313,0.0,High
User_2314,24.1,High
User_2315,974.99,Low
User_2316,49.45,High
User_2317,51.16,High
User_2318,20.0,High
User_2319,20.0,High
User_2320,35.85,High
User_2321,124.69,High
User_2322,104.77,High
User_2323,20.0,High
User_2324,147.23,High
User_2325,40.07,High
User_2326,47.61,High
User_2327,76.28,High
User_2328,20.0,High
User_2329,998.44,Low
User_2330,130.35,High
User_2331,20.0,High
User_2332,0.0,High
User_2333,20.0,High
User_2334,51.16,High
User_2335,20.0,High
User_2336,64.48,High
User_2337,37.19,High
User_2338,79.59,High
User_2339,59.86,High
User_2340,82.22,High
User_2341,1000.0,Low
User_2342,40.07,High
User_2343,220.55,High
User_2344,20.0,High
User_2345,20.0,High
User_2346,1000.0,Low
User_2347,37.19,High
User_2348,520.2,Medium
User_2349,20.0,High
User_2350,12.07,High
User_2351,59.86,High
User_2352,650.68,Medium
User_2353,29.6,High
User_2354,10.1,High
User_2355,20.0,High
User_2356,289.41,High
User_2357,20.0,High
User_2358,78.01,High
User_2359,298.69,High
User_2360,999.77,Low
User_2361,94.17,High
User_2362,31.89,High
User_2363,847.51,Low
User_2364,20.0,High
User_2365,10.1,High
User_2366,51.16,High
User_2367,20.0,High
User_2368,31.89,High
User_2369,20.0,High
User_2370,29.6,High
User_2371,35.85,High
User_2372,20.0,High
User_2373,20.0,High
User_2374,20.0,High
User_2375,40.07,High
User_2376,12.07,High
User_2377,20.0,High
User_2378,20.0,High
User_2379,10.1,High
User_2380,20.0,High
User_2381,1000.0,Low
User_2382,20.0,High
User_2383,51.16,High
User_2384,20.0,High
User_2385,48.25,High
User_2386,80.39,High
User_2387,55.41,High
User_2388,20.0,High
User_2389,37.19,High
User_2390,20.0,High
User_2391,20.0,High
User_2392,91.62,High
User_2393,59.6,High
User_2394,64.48,High
User_2395,581.6,Medium
User_2396,20.0,High
User_2397,998.72,Low
User_2398,21.52,High
User_2399,20.0,High
User_2400,62.08,High
User_2401,20.0,High
User_2402,31.89,High
User_2403,20.0,High
User_2404,29.6,High
User_2405,20.0,High
User_2406,50.17,High
User_2407,20.0,High
User_2408,1000.0,Low
User_2409,40.07,High
User_2410,10.1,High
User_2411,33.77,High
User_2412,20.0,High
User_2413,31.89,High
User_2414,186.99,High
User_2415,532.16,Medium
User_2416,958.32,Low
User_2417,40.07,High
User_2418,147.12,High
User_2419,0.0,High
User_2420,20.0,High
User_2421,40.07,High
User_2422,20.0,High
User_2423,40.07,High
User_2424,790.02,Low
User_2425,1000.0,Low
User_2426,31.89,High
User_2427,315.71,High
User_2428,20.0,High
User_2429,956.87,Low
User_2430,40.07,High
User_2431,40.07,High
User_2432,20.0,High
User_2433,60.34,High
User_2434,20.0,High
User_2435,59.86,High
User_2436,148.28,High
User_2437,20.0,High
User_2438,20.0,High
User_2439,20.0,High
User_2440,1000.0,Low
User_2441,10.1,High
User_2442,20.0,High
User_2443,85.37,High
User_2444,20.0,High
User_2445,31.89,High
User_2446,10.1,High
User_2447,40.07,High
User_2448,10.1,High
User_2449,90.28,High
User_2450,47.61,High
User_2451,0.19,High
User_2452,20.0,High
User_2453,20.0,High
User_2454,273.86,High
User_2455,73.06,High
User_2456,29.6,High
User_2457,31.89,High
User_2458,112.31,High
User_2459,42.39,High
User_2460,0.46,High
User_2461,20.0,High
User_2462,211.02,High
User_2463,20.0,High
User_2464,37.19,High
User_2465,1000.0,Low
User_2466,20.0,High
User_2467,40.07,High
User_2468,20.0,High
User_2469,20.0,High
User_2470,20.0,High
User_2471,999.56,Low
User_2472,29.6,High
User_2473,40.07,High
User_2474,0.0,High
User_2475,0.08,High
User_2476,232.83,High
User_2477,82.59,High
User_2478,20.0,High
User_2479,40.07,High
User_2480,71.04,High
User_2481,247.06,High
User_2482,31.89,High
User_2483,97.0,High
User_2484,20.0,High
User_2485,20.0,High
User_2486,60.13,High
User_2487,174.29,High
User_2488,20.0,High
User_2489,37.19,High
User_2490,103.66,High
User_2491,167.3,High
User_2492,20.0,High
User_2493,37.19,High
User_2494,747.35,Low
User_2495,120.7,High
User_2496,12.07,High
User_2497,266.35,High
User_2498,72.95,High
User_2499,40.07,High
User_2500,40.07,High
User_2501,40.72,High
User_2502,20.0,High
User_2503,29.6,High
User_2504,999.96,Low
User_2505,131.09,High
User_2506,31.89,High
User_2507,179.53,High
User_2508,133.2,High
User_2509,20.0,High
User_2510,546.17,Medium
User_2511,20.0,High
User_2512,12.07,High
User_2513,20.0,High
User_2514,1000.0,Low
User_2515,20.0,High
User_2516,20.0,High
User_2517,20.0,High
User_2518,999.85,Low
User_2519,37.19,High
User_2520,182.37,High
User_2521,294.34,High
User_2522,40.07,High
User_2523,20.0,High
User_2524,20.0,High
User_2525,20.0,High
User_2526,20.0,High
User_2527,20.0,High
User_2528,20.0,High
User_2529,1000.0,Low
User_2530,10.1,High
User_2531,106.06,High
User_2532,113.5,High
User_2533,71.67,High
User_2534,20.0,High
User_2535,20.0,High
User_2536,59.18,High
User_2537,20.0,High
User_2538,31.89,High
User_2539,292.68,High
User_2540,1000.0,Low
User_2541,21.75,High
User_2542,20.0,High
User_2543,20.0,High
User_2544,40.07,High
User_2545,20.0,High
User_2546,33.77,High
User_2547,20.0,High
User_2548,37.19,High
User_2549,1000.0,Low
User_2550,392.25,High
User_2551,945.1,Low
User_2552,254.67,High
User_2553,20.0,High
User_2554,20.0,High
User_2555,25.38,High
User_2556,20.0,High
User_2557,20.0,High
User_2558,473.83,Medium
User_2559,1000.0,Low
User_2560,902.7,Low
User_2561,40.07,High
User_2562,49.45,High
User_2563,166.65,High
User_2564,20.0,High
User_2565,98.83,High
User_2566,10.1,High
User_2567,999.68,Low
User_2568,214.77,High
User_2569,40.07,High
User_2570,40.07,High
User_2571,144.06,High
User_2572,999.96,Low
User_2573,331.51,High
User_2574,20.0,High
User_2575,40.07,High
User_2576,164.97,High
User_2577,20.0,High
User_2578,312.99,High
User_2579,567.46,Medium
User_2580,1000.0,Low
User_2581,120.7,High
User_2582,158.02,High
User_2583,10.1,High
User_2584,20.0,High
User_2585,91.16,High
User_2586,999.66,Low
User_2587,40.07,High
User_2588,340.3,High
User_2589,20.0,High
User_2590,560.96,Medium
User_2591,814.27,Low
User_2592,673.07,Medium
User_2593,35.85,High
User_2594,40.07,High
User_2595,20.0,High
User_2596,20.0,High
User_2597,20.0,High
User_2598,10.1,High
User_2599,155.96,High
User_2600,37.19,High
User_2601,163.32,High
User_2602,12.07,High
User_2603,20.0,High
User_2604,20.0,High
User_2605,20.0,High
User_2606,31.89,High
User_2607,20.0,High
User_2608,186.19,High
User_2609,20.0,High
User_2610,59.86,High
User_2611,40.07,High
User_2612,16.27,High
User_2613,661.56,Medium
User_2614,20.0,High
User_2615,20.0,High
User_2616,139.35,High
User_2617,10.1,High
User_2618,699.19,Medium
User_2619,248.39,High
User_2620,64.48,High
User_2621,10.1,High
User_2622,20.0,High
User_2623,42.13,High
User_2624,10.1,High
User_2625,999.98,Low
User_2626,37.19,High
User_2627,141.77,High
User_2628,20.0,High
User_2629,29.6,High
User_2630,400.05,Medium
User_2631,25.38,High
User_2632,31.89,High
User_2633,40.28,High
User_2634,94.17,High
User_2635,20.0,High
User_2636,301.04,High
User_2637,691.92,Medium
User_2638,40.07,High
User_2639,40.07,High
User_2640,468.28,Medium
User_2641,37.19,High
User_2642,131.62,High
User_2643,10.1,High
User_2644,20.0,High
User_2645,20.0,High
User_2646,20.0,High
User_2647,20.0,High
User_2648,35.85,High
User_2649,1000.0,Low
User_2650,60.13,High
User_2651,88.22,High
User_2652,40.07,High
User_2653,165.65,High
User_2654,231.75,High
User_2655,999.96,Low
User_2656,84.82,High
User_2657,611.69,Medium
User_2658,20.0,High
User_2659,51.16,High
User_2660,20.0,High
User_2661,999.87,Low
User_2662,38.23,High
User_2663,20.0,High
User_2664,20.0,High
User_2665,250.38,High
User_2666,35.85,High
User_2667,20.0,High
User_2668,655.94,Medium
User_2669,129.5,High
User_2670,85.37,High
User_2671,320.44,High
User_2672,10.1,High
User_2673,49.45,High
User_2674,37.19,High
User_2675,347.56,High
User_2676,29.6,High
User_2677,254.3,High
User_2678,166.2,High
User_2679,20.0,High
User_2680,29.6,High
User_2681,20.0,High
User_2682,40.07,High
User_2683,20.0,High
User_2684,20.0,High
User_2685,132.88,High
User_2686,59.86,High
User_2687,69.26,High
User_2688,20.0,High
User_2689,20.0,High
User_2690,55.97,High
User_2691,20.0,High
User_2692,40.07,High
User_2693,40.07,High
User_2694,10.1,High
User_2695,31.89,High
User_2696,20.0,High
User_2697,20.0,High
User_2698,197.04,High
User_2699,240.64,High
User_2700,20.0,High
User_2701,20.0,High
User_2702,174.36,High
User_2703,20.0,High
User_2704,37.19,High
User_2705,444.06,Medium
User_2706,55.97,High
User_2707,777.55,Low
User_2708,434.12,Medium
User_2709,21.52,High
User_2710,12.07,High
User_2711,29.6,High
User_2712,91.62,High
User_2713,199.83,High
User_2714,20.0,High
User_2715,12.07,High
User_2716,332.92,High
User_2717,20.0,High
User_2718,40.07,High
User_2719,20.0,High
User_2720,20.0,High
User_2721,261.53,High
User_2722,40.07,High
User_2723,43.69,High
User_2724,84.84,High
User_2725,83.8,High
User_2726,128.26,High
User_2727,20.0,High
User_2728,20.0,High
User_2729,20.0,High
User_2730,1.24,High
User_2731,20.0,High
User_2732,705.23,Low
User_2733,20.0,High
User_2734,29.6,High
User_2735,31.89,High
User_2736,40.07,High
User_2737,20.0,High
User_2738,20.0,High
User_2739,232.08,High
User_2740,90.28,High
User_2741,999.68,Low
User_2742,20.0,High
User_2743,28.95,High
User_2744,20.0,High
User_2745,998.34,Low
User_2746,72.95,High
User_2747,10.1,High
User_2748,12.07,High
User_2749,20.0,High
User_2750,216.47,High
User_2751,40.07,High
User_2752,40.07,High
User_2753,184.81,High
User_2754,837.85,Low
User_2755,20.0,High
User_2756,164.06,High
User_2757,148.06,High
User_2758,40.07,High
User_2759,29.6,High
User_2760,37.19,High
User_2761,20.0,High
User_2762,999.98,Low
User_2763,20.0,High
User_2764,20.0,High
User_2765,20.0,High
User_2766,10.1,High
User_2767,143.01,High
User_2768,20.0,High
User_2769,85.37,High
User_2770,37.19,High
User_2771,804.07,Low
User_2772,10.1,High
User_2773,80.39,High
User_2774,20.0,High
User_2775,156.1,High
User_2776,40.07,High
User_2777,37.19,High
User_2778,20.0,High
User_2779,10.1,High
User_2780,371.43,High
User_2781,86.1,High
User_2782,31.89,High
User_2783,20.0,High
User_2784,37.19,High
User_2785,91.17,High
User_2786,20.0,High
User_2787,37.19,High
User_2788,20.0,High
User_2789,675.19,Medium
User_2790,20.0,High
User_2791,20.0,High
User_2792,20.0,High
User_2793,42.13,High
User_2794,1000.0,Low
User_2795,20.0,High
User_2796,20.0,High
User_2797,20.0,High
User_2798,77.5,High
User_2799,20.0,High
User_2800,21.52,High
User_2801,1.15,High
User_2802,1000.0,Low
User_2803,40.07,High
User_2804,20.0,High
User_2805,31.89,High
User_2806,20.0,High
User_2807,20.0,High
User_2808,49.45,High
User_2809,302.56,High
User_2810,40.07,High
User_2811,20.0,High
User_2812,37.19,High
User_2813,461.32,Medium
User_2814,3.12,High
User_2815,1000.0,Low
User_2816,315.43,High
User_2817,20.0,High
User_2818,178.44,High
User_2819,40.07,High
User_2820,20.0,High
User_2821,31.89,High
User_2822,20.0,High
User_2823,292.97,High
User_2824,10.1,High
User_2825,20.0,High
User_2826,250.04,High
User_2827,20.0,High
User_2828,335.93,High
User_2829,60.13,High
User_2830,195.42,High
User_2831,31.89,High
User_2832,40.07,High
User_2833,600.65,Medium
User_2834,175.3,High
User_2835,20.0,High
User_2836,186.11,High
User_2837,31.89,High
User_2838,243.53,High
User_2839,59.86,High
User_2840,168.3,High
User_2841,67.79,High
User_2842,1000.0,Low
User_2843,29.6,High
User_2844,40.07,High
User_2845,31.89,High
User_2846,269.83,High
User_2847,85.33,High
User_2848,20.0,High
User_2849,396.88,High
User_2850,20.0,High
User_2851,20.0,High
User_2852,994.35,Low
User_2853,1000.0,Low
User_2854,999.7,Low
User_2855,20.0,High
User_2856,20.0,High
User_2857,59.86,High
User_2858,105.08,High
User_2859,59.86,High
User_2860,40.07,High
User_2861,12.07,High
User_2862,20.0,High
User_2863,24.1,High
User_2864,345.6,High
User_2865,69.26,High
User_2866,49.95,High
User_2867,999.27,Low
User_2868,20.0,High
User_2869,20.0,High
User_2870,20.0,High
User_2871,10.1,High
User_2872,20.0,High
User_2873,10.1,High
User_2874,999.29,Low
User_2875,37.19,High
User_2876,1000.0,Low
User_2877,10.1,High
User_2878,815.51,Low
User_2879,12.07,High
User_2880,40.07,High
User_2881,10.1,High
User_2882,37.19,High
User_2883,20.0,High
User_2884,31.89,High
User_2885,20.0,High
User_2886,31.89,High
User_2887,12.07,High
User_2888,460.87,Medium
User_2889,20.0,High
User_2890,20.0,High
User_2891,35.85,High
User_2892,999.36,Low
User_2893,188.02,High
User_2894,129.97,High
User_2895,10.1,High
User_2896,31.89,High
User_2897,20.0,High
User_2898,1000.0,Low
User_2899,999.62,Low
User_2900,31.89,High
User_2901,778.56,Low
User_2902,42.78,High
User_2903,10.1,High
User_2904,20.0,High
User_2905,20.0,High
User_2906,218.83,High
User_2907,78.31,High
User_2908,20.0,High
User_2909,999.31,Low
User_2910,40.07,High
User_2911,999.96,Low
User_2912,20.0,High
User_2913,65.42,High
User_2914,20.0,High
User_2915,84.18,High
User_2916,186.99,High
User_2917,31.89,High
User_2918,12.07,High
User_2919,139.17,High
User_2920,20.0,High
User_2921,579.42,Medium
User_2922,20.0,High
User_2923,31.89,High
User_2924,20.0,High
User_2925,40.07,High
User_2926,20.0,High
User_2927,112.31,High
User_2928,49.45,High
User_2929,20.0,High
User_2930,20.0,High
User_2931,49.45,High
User_2932,20.0,High
User_2933,40.07,High
User_2934,55.97,High
User_2935,80.39,High
User_2936,475.75,Medium
User_2937,0.0,High
User_2938,90.28,High
User_2939,20.0,High
User_2940,40.07,High
User_2941,110.97,High
User_2942,20.0,High
User_2943,20.0,High
User_2944,10.1,High
User_2945,20.0,High
User_2946,1000.0,Low
User_2947,324.74,High
User_2948,51.16,High
User_2949,664.29,Medium
User_2950,462.84,Medium
User_2951,216.02,High
User_2952,1000.0,Low
User_2953,69.26,High
User_2954,37.19,High
User_2955,90.03,High
User_2956,79.87,High
User_2957,1000.0,Low
User_2958,940.77,Low
User_2959,40.07,High
User_2960,38.23,High
User_2961,3.59,High
User_2962,24.1,High
User_2963,0.0,High
User_2964,20.0,High
User_2965,49.95,High
User_2966,72.62,High
User_2967,148.06,High
User_2968,120.7,High
User_2969,252.1,High
User_2970,21.75,High
User_2971,12.07,High
User_2972,20.0,High
User_2973,0.0,High
User_2974,1000.0,Low
User_2975,37.19,High
User_2976,126.79,High
User_2977,10.1,High
User_2978,20.0,High
User_2979,116.77,High
User_2980,274.67,High
User_2981,0.0,High
User_2982,20.0,High
User_2983,366.82,High
User_2984,12.07,High
User_2985,469.94,Medium
User_2986,40.07,High
User_2987,192.63,High
User_2988,20.0,High
User_2989,40.07,High
User_2990,20.0,High
User_2991,20.0,High
User_2992,393.4,High
User_2993,31.89,High
User_2994,20.0,High
User_2995,20.0,High
User_2996,10.1,High
User_2997,20.0,High
User_2998,0.0,High
User_2999,467.95,Medium
User_3000,20.0,High
User_3001,20.0,High
User_3002,101.0,High
User_3003,242.74,High
User_3004,161.94,High
User_3005,188.48,High
User_3006,40.07,High
User_3007,227.55,High
User_3008,40.07,High
User_3009,82.22,High
User_3010,31.89,High
User_3011,40.07,High
User_3012,164.06,High
User_3013,20.0,High
User_3014,37.19,High
User_3015,20.0,High
User_3016,20.0,High
User_3017,853.08,Low
User_3018,20.0,High
User_3019,907.65,Low
User_3020,999.9,Low
User_3021,20.0,High
User_3022,359.83,High
User_3023,29.6,High
User_3024,29.6,High
User_3025,20.0,High
User_3026,10.1,High
User_3027,10.1,High
User_3028,20.0,High
User_3029,317.19,High
User_3030,40.07,High
User_3031,54.57,High
User_3032,42.13,High
User_3033,308.73,High
User_3034,20.0,High
User_3035,20.0,High
User_3036,31.89,High
User_3037,20.0,High
User_3038,40.07,High
User_3039,285.99,High
User_3040,20.0,High
User_3041,20.0,High
User_3042,12.07,High
User_3043,20.0,High
User_3044,739.91,Low
User_3045,701.39,Low
User_3046,319.06,High
User_3047,40.07,High
User_3048,20.0,High
User_3049,10.1,High
User_3050,80.39,High
User_3051,280.6,High
User_3052,92.3,High
User_3053,40.07,High
User_3054,60.34,High
User_3055,933.99,Low
User_3056,20.0,High
User_3057,147.12,High
User_3058,120.7,High
User_3059,31.89,High
User_3060,37.19,High
User_3061,313.3,High
User_3062,20.0,High
User_3063,20.0,High
User_3064,250.63,High
User_3065,78.39,High
User_3066,10.1,High
User_3067,20.0,High
User_3068,1000.0,Low
User_3069,37.19,High
User_3070,637.47,Medium
User_3071,12.07,High
User_3072,60.13,High
User_3073,20.0,High
User_3074,10.1,High
User_3075,999.75,Low
User_3076,20.0,High
User_3077,20.0,High
User_3078,20.0,High
User_3079,97.27,High
User_3080,399.38,High
User_3081,2.97,High
User_3082,37.19,High
User_3083,10.1,High
User_3084,999.23,Low
User_3085,747.01,Low
User_3086,40.07,High
User_3087,999.65,Low
User_3088,40.07,High
User_3089,20.0,High
User_3090,20.0,High
User_3091,60.13,High
User_3092,51.16,High
User_3093,10.1,High
User_3094,40.07,High
User_3095,20.0,High
User_3096,40.07,High
User_3097,10.1,High
User_3098,20.0,High
User_3099,20.0,High
User_3100,20.0,High
User_3101,24.1,High
User_3102,567.95,Medium
User_3103,999.93,Low
User_3104,143.81,High
User_3105,354.55,High
User_3106,59.86,High
User_3107,47.61,High
User_3108,298.19,High
User_3109,1000.0,Low
User_3110,999.96,Low
User_3111,41.67,High
User_3112,20.0,High
User_3113,40.07,High
User_3114,20.0,High
User_3115,20.0,High
User_3116,10.1,High
User_3117,37.19,High
User_3118,33.77,High
User_3119,10.1,High
User_3120,20.0,High
User_3121,20.0,High
User_3122,20.0,High
User_3123,20.0,High
User_3124,10.1,High
User_3125,54.23,High
User_3126,59.86,High
User_3127,37.19,High
User_3128,280.12,High
User_3129,20.0,High
User_3130,20.0,High
User_3131,31.89,High
User_3132,259.06,High
User_3133,999.22,Low
User_3134,155.52,High
User_3135,40.07,High
User_3136,468.39,Medium
User_3137,20.0,High
User_3138,31.89,High
User_3139,20.0,High
User_3140,31.89,High
User_3141,140.12,High
User_3142,336.74,High
User_3143,751.82,Low
User_3144,108.2,High
User_3145,20.0,High
User_3146,53.23,High
User_3147,20.0,High
User_3148,21.52,High
User_3149,10.1,High
User_3150,20.0,High
User_3151,40.07,High
User_3152,998.16,Low
User_3153,526.06,Medium
User_3154,40.07,High
User_3155,12.07,High
User_3156,35.85,High
User_3157,229.27,High
User_3158,10.1,High
User_3159,20.0,High
User_3160,40.07,High
User_3161,20.0,High
User_3162,29.6,High
User_3163,268.71,High
User_3164,72.95,High
User_3165,20.0,High
User_3166,40.07,High
User_3167,875.97,Low
User_3168,20.0,High
User_3169,98.66,High
User_3170,191.7,High
User_3171,40.07,High
User_3172,40.07,High
User_3173,20.0,High
User_3174,998.7,Low
User_3175,262.08,High
User_3176,201.37,High
User_3177,37.19,High
User_3178,20.0,High
User_3179,1000.0,Low
User_3180,94.17,High
User_3181,345.36,High
User_3182,184.08,High
User_3183,20.0,High
User_3184,41.74,High
User_3185,20.0,High
User_3186,114.41,High
User_3187,674.19,Medium
User_3188,149.11,High
User_3189,111.57,High
User_3190,25.38,High
User_3191,59.86,High
User_3192,20.0,High
User_3193,12.07,High
User_3194,20.0,High
User_3195,429.87,Medium
User_3196,865.07,Low
User_3197,230.1,High
User_3198,318.78,High
User_3199,40.07,High
User_3200,999.8,Low
User_3201,156.1,High
User_3202,20.0,High
User_3203,54.57,High
User_3204,20.0,High
User_3205,40.15,High
User_3206,40.07,High
User_3207,20.0,High
User_3208,20.0,High
User_3209,40.07,High
User_3210,20.0,High
User_3211,46.85,High
User_3212,73.04,High
User_3213,31.89,High
User_3214,623.08,Medium
User_3215,1000.0,Low
User_3216,16.19,High
User_3217,127.5,High
User_3218,20.0,High
User_3219,239.13,High
User_3220,0.42,High
User_3221,80.39,High
User_3222,20.0,High
User_3223,40.07,High
User_3224,67.79,High
User_3225,40.07,High
User_3226,40.07,High
User_3227,56.06,High
User_3228,20.0,High
User_3229,113.5,High
User_3230,112.57,High
User_3231,24.46,High
User_3232,40.07,High
User_3233,40.07,High
User_3234,20.0,High
User_3235,1000.0,Low
User_3236,20.0,High
User_3237,139.17,High
User_3238,174.57,High
User_3239,111.57,High
User_3240,20.0,High
User_3241,59.86,High
User_3242,40.07,High
User_3243,20.0,High
User_3244,119.29,High
User_3245,20.0,High
User_3246,335.88,High
User_3247,113.37,High
User_3248,51.16,High
User_3249,164.31,High
User_3250,107.06,High
User_3251,291.31,High
User_3252,40.07,High
User_3253,1000.0,Low
User_3254,379.01,High
User_3255,20.0,High
User_3256,40.07,High
User_3257,20.0,High
User_3258,95.17,High
User_3259,40.07,High
User_3260,311.29,High
User_3261,51.16,High
User_3262,408.65,Medium
User_3263,335.75,High
User_3264,20.0,High
User_3265,20.0,High
User_3266,373.55,High
User_3267,606.48,Medium
User_3268,47.61,High
User_3269,20.0,High
User_3270,1000.0,Low
User_3271,12.07,High
User_3272,10.1,High
User_3273,999.8,Low
User_3274,294.58,High
User_3275,20.0,High
User_3276,20.0,High
User_3277,1000.0,Low
User_3278,20.0,High
User_3279,78.39,High
User_3280,97.38,High
User_3281,20.0,High
User_3282,755.9,Low
User_3283,228.57,High
User_3284,10.1,High
User_3285,2.09,High
User_3286,434.98,Medium
User_3287,40.07,High
User_3288,28.97,High
User_3289,172.03,High
User_3290,40.07,High
User_3291,31.89,High
User_3292,51.16,High
User_3293,122.99,High
User_3294,486.18,Medium
User_3295,20.0,High
User_3296,49.45,High
User_3297,40.07,High
User_3298,20.0,High
User_3299,999.72,Low
User_3300,20.0,High
User_3301,20.0,High
User_3302,20.0,High
User_3303,179.29,High
User_3304,386.07,High
User_3305,20.0,High
User_3306,31.89,High
User_3307,20.0,High
User_3308,10.1,High
User_3309,20.0,High
User_3310,131.09,High
User_3311,54.57,High
User_3312,20.0,High
User_3313,387.73,High
User_3314,80.39,High
User_3315,40.07,High
User_3316,20.0,High
User_3317,20.0,High
User_3318,104.54,High
User_3319,42.13,High
User_3320,20.0,High
User_3321,98.68,High
User_3322,20.0,High
User_3323,999.62,Low
User_3324,988.18,Low
User_3325,201.23,High
User_3326,20.0,High
User_3327,10.1,High
User_3328,29.6,High
User_3329,40.07,High
User_3330,10.1,High
User_3331,35.85,High
User_3332,31.89,High
User_3333,59.86,High
User_3334,20.0,High
User_3335,184.95,High
User_3336,20.0,High
User_3337,10.1,High
User_3338,40.07,High
User_3339,31.89,High
User_3340,40.07,High
User_3341,31.89,High
User_3342,87.51,High
User_3343,59.86,High
User_3344,111.43,High
User_3345,10.1,High
User_3346,40.07,High
User_3347,222.33,High
User_3348,1000.0,Low
User_3349,1000.0,Low
User_3350,73.04,High
User_3351,42.78,High
User_3352,20.0,High
User_3353,40.07,High
User_3354,233.05,High
User_3355,20.0,High
User_3356,40.07,High
User_3357,20.0,High
User_3358,35.85,High
User_3359,73.48,High
User_3360,254.12,High
User_3361,16.19,High
User_3362,40.07,High
User_3363,617.84,Medium
User_3364,79.35,High
User_3365,897.05,Low
User_3366,60.13,High
User_3367,20.0,High
User_3368,24.1,High
User_3369,168.54,High
User_3370,20.0,High
User_3371,740.43,Low
User_3372,1000.0,Low
User_3373,21.52,High
User_3374,123.85,High
User_3375,603.38,Medium
User_3376,51.16,High
User_3377,40.07,High
User_3378,40.07,High
User_3379,12.07,High
User_3380,12.07,High
User_3381,91.17,High
User_3382,999.76,Low
User_3383,271.47,High
User_3384,20.0,High
User_3385,20.0,High
User_3386,20.0,High
User_3387,40.07,High
User_3388,38.23,High
User_3389,1000.0,Low
User_3390,930.62,Low
User_3391,20.0,High
User_3392,20.0,High
User_3393,20.0,High
User_3394,20.0,High
User_3395,824.12,Low
User_3396,211.55,High
User_3397,273.24,High
User_3398,40.07,High
User_3399,999.96,Low
User_3400,999.89,Low
User_3401,153.93,High
User_3402,10.1,High
User_3403,31.89,High
User_3404,106.28,High
User_3405,20.0,High
User_3406,1000.0,Low
User_3407,124.19,High
User_3408,938.94,Low
User_3409,1000.0,Low
User_3410,119.83,High
User_3411,40.07,High
User_3412,749.44,Low
User_3413,40.07,High
User_3414,999.26,Low
User_3415,184.95,High
User_3416,20.0,High
User_3417,69.26,High
User_3418,40.07,High
User_3419,81.71,High
User_3420,20.0,High
User_3421,20.0,High
User_3422,20.0,High
User_3423,20.0,High
User_3424,40.07,High
User_3425,40.07,High
User_3426,20.0,High
User_3427,527.11,Medium
User_3428,406.64,Medium
User_3429,328.18,High
User_3430,563.99,Medium
User_3431,20.0,High
User_3432,31.89,High
User_3433,40.07,High
User_3434,73.48,High
User_3435,257.05,High
User_3436,20.0,High
User_3437,20.0,High
User_3438,40.07,High
User_3439,12.07,High
User_3440,40.07,High
User_3441,20.0,High
User_3442,947.82,Low
User_3443,999.84,Low
User_3444,20.0,High
User_3445,1000.0,Low
User_3446,59.86,High
User_3447,261.99,High
User_3448,165.65,High
User_3449,242.77,High
User_3450,31.89,High
User_3451,64.48,High
User_3452,174.78,High
User_3453,203.05,High
User_3454,80.39,High
User_3455,20.0,High
User_3456,20.0,High
User_3457,547.94,Medium
User_3458,20.0,High
User_3459,91.62,High
User_3460,0.15,High
User_3461,872.78,Low
User_3462,20.0,High
User_3463,59.86,High
User_3464,20.0,High
User_3465,109.23,High
User_3466,24.1,High
User_3467,10.1,High
User_3468,154.42,High
User_3469,59.86,High
User_3470,67.69,High
User_3471,51.16,High
User_3472,82.9,High
User_3473,31.89,High
User_3474,10.1,High
User_3475,105.08,High
User_3476,20.0,High
User_3477,21.75,High
User_3478,20.0,High
User_3479,40.07,High
User_3480,20.0,High
User_3481,1000.0,Low
User_3482,0.08,High
User_3483,341.57,High
User_3484,10.1,High
User_3485,123.85,High
User_3486,37.19,High
User_3487,271.99,High
User_3488,40.42,High
User_3489,76.28,High
User_3490,20.0,High
User_3491,20.0,High
User_3492,20.0,High
User_3493,20.0,High
User_3494,93.98,High
User_3495,69.59,High
User_3496,339.85,High
User_3497,1000.0,Low
